candidate,players,seed,hand,opponent,baseline_bb,candidate_bb,difference_bb,baseline_decisions,candidate_decisions,baseline_seconds,candidate_seconds
hybrid,3,11,0,station,-2.0,-2.0,0.0,4,4,0.05249334900145186,0.06621883800107753
hybrid,3,11,1,station,-100.0,-100.0,0.0,2,2,0.0338208899993333,0.026818056998308748
hybrid,3,11,2,station,-100.0,-100.0,0.0,3,3,0.03673648799303919,0.03617241598840337
hybrid,3,11,3,tight,0.0,0.0,0.0,1,1,0.009279600999434479,0.00910806299361866
hybrid,3,11,4,tight,-2.0,-3.0,-1.0,5,5,0.0522290820008493,0.40722739600460045
hybrid,3,11,5,tight,3.0,3.0,0.0,3,3,0.02631074398959754,0.024921461998019367
hybrid,3,11,6,aggressive,0.0,0.0,0.0,1,1,0.008869905999745242,0.00901356399845099
hybrid,3,11,7,aggressive,-2.0,-2.0,0.0,2,2,0.015476303997274954,0.01618202499957988
hybrid,3,11,8,aggressive,-2.0,-2.0,0.0,2,2,0.018016979011008516,0.018125268004951067
hybrid,3,11,9,station,-2.0,-2.0,0.0,4,4,0.049068676999013405,0.048841429008462
hybrid,3,11,10,station,200.0,200.0,0.0,1,1,0.01033608600118896,0.011065816004702356
hybrid,3,11,11,station,-2.0,-2.0,0.0,4,4,0.05199578500469215,0.05016929200064624
hybrid,3,11,12,tight,0.0,0.0,0.0,1,1,0.009396348999871407,0.009299589997681323
hybrid,3,11,13,tight,0.5,0.5,0.0,0,0,0.0,0.0
hybrid,3,11,14,tight,2.0,2.0,0.0,2,2,0.016080066001450177,0.016154955003003124
hybrid,3,11,15,aggressive,0.0,0.0,0.0,1,1,0.009163552000245545,0.00953358699916862
hybrid,3,11,16,aggressive,-1.0,-1.0,0.0,1,1,0.007054072004393674,0.0074279760010540485
hybrid,3,11,17,aggressive,-3.5,-3.5,0.0,5,5,0.06566616798227187,0.06473411600745749
hybrid,3,11,18,station,200.0,200.0,0.0,2,2,0.02266248500382062,0.022929290003958158
hybrid,3,11,19,station,200.0,200.0,0.0,1,1,0.010132429000805132,0.01009734899707837
hybrid,3,11,20,station,-100.0,-100.0,0.0,1,1,0.009160112997051328,0.009150682999461424
hybrid,3,11,21,tight,0.0,0.0,0.0,1,1,0.00952553800016176,0.009018154996738303
hybrid,3,11,22,tight,1.0,1.0,0.0,1,1,0.006703405997541267,0.006441160003305413
hybrid,3,11,23,tight,1.0,1.0,0.0,1,1,0.005884178004635032,0.0058166589951724745
hybrid,3,11,24,aggressive,-4.5,-4.5,0.0,3,3,0.030213839003408793,0.029854273998353165
hybrid,3,11,25,aggressive,-2.0,-2.0,0.0,2,2,0.024876673000107985,0.027054812999267597
hybrid,3,11,26,aggressive,-4.0,-4.0,0.0,2,2,0.01741192700137617,0.01755819500249345
hybrid,3,11,27,station,-4.5,-4.5,0.0,4,4,0.049541651002073195,0.048991477000527084
hybrid,3,11,28,station,-2.0,-2.0,0.0,4,4,0.05031844800396357,0.05109880899544805
hybrid,3,11,29,station,200.0,200.0,0.0,2,2,0.023403344996040687,0.022922461008420214
hybrid,3,11,30,tight,0.0,0.0,0.0,1,1,0.008980245002021547,0.009253670999896713
hybrid,3,11,31,tight,100.5,100.5,0.0,6,6,0.059194855006353464,0.2381609110016143
hybrid,3,11,32,tight,-2.0,-2.0,0.0,4,4,0.035898540998459794,0.03578214001026936
hybrid,3,11,33,aggressive,0.0,0.0,0.0,1,1,0.009105533004913013,0.009181072004139423
hybrid,3,11,34,aggressive,-1.0,-1.0,0.0,1,1,0.009580116005963646,0.009591656002157833
hybrid,3,11,35,aggressive,-100.0,-100.0,0.0,2,2,0.022006944003805984,0.022467796996352263
hybrid,3,11,36,station,-6.0,-6.0,0.0,4,4,0.049237734005146194,0.04918363399337977
hybrid,3,11,37,station,-1.0,-1.0,0.0,4,4,0.04913293500430882,0.04914276500494452
hybrid,3,11,38,station,-3.0,-3.0,0.0,4,4,0.05345655599376187,0.050064223003573716
hybrid,3,11,39,tight,0.0,0.0,0.0,1,1,0.009101083000132348,0.009285829997679684
hybrid,3,11,40,tight,1.0,1.0,0.0,1,1,0.006313072000921238,0.006243842995900195
hybrid,3,11,41,tight,2.0,2.0,0.0,1,1,0.009222941000189167,0.009057604002009612
hybrid,3,11,42,aggressive,0.0,0.0,0.0,1,1,0.009090773994103074,0.009131803002674133
hybrid,3,11,43,aggressive,-1.0,-1.0,0.0,1,1,0.006674157004454173,0.00666513699979987
hybrid,3,11,44,aggressive,-0.5,-0.5,0.0,1,1,0.006554749001224991,0.006563959002960473
hybrid,3,11,45,station,-2.0,-2.0,0.0,4,4,0.04727040100260638,0.04920352400949923
hybrid,3,11,46,station,7.0,7.0,0.0,4,4,0.05188979600643506,0.049362613004632294
hybrid,3,11,47,station,200.0,200.0,0.0,2,2,0.023303614994802047,0.022304000005533453
hybrid,3,11,48,tight,-100.0,-100.0,0.0,3,3,0.03986222499952419,0.035303536998981144
hybrid,3,11,49,tight,0.5,0.5,0.0,0,0,0.0,0.0
hybrid,3,11,50,tight,1.0,1.0,0.0,1,1,0.0059857960004592314,0.005966945995169226
hybrid,3,11,51,aggressive,-2.0,-2.0,0.0,2,2,0.024036315000557806,0.025096890007262118
hybrid,3,11,52,aggressive,-2.0,-2.0,0.0,4,4,0.05332681700383546,0.05178983799851267
hybrid,3,11,53,aggressive,-2.5,-2.5,0.0,3,3,0.036309883995272685,0.034665116989344824
hybrid,3,11,54,station,0.0,0.0,0.0,1,1,0.008811656996840611,0.009700364993477706
hybrid,3,11,55,station,10.0,10.0,0.0,4,4,0.04907180600275751,0.049005887005478144
hybrid,3,11,56,station,200.0,200.0,0.0,2,2,0.028970625004149042,0.028082787997846026
hybrid,3,11,57,tight,-7.2,-6.2,1.0,4,4,0.044288923003477976,0.21574197398877004
hybrid,3,11,58,tight,0.5,0.5,0.0,0,0,0.0,0.0
hybrid,3,11,59,tight,3.5,3.5,0.0,2,2,0.02067970200732816,0.019920193000871222
hybrid,3,11,60,aggressive,-100.0,-100.0,0.0,1,1,0.009019454999361187,0.00894738499482628
hybrid,3,11,61,aggressive,-1.0,-1.0,0.0,1,1,0.006624207999266218,0.006760855998436455
hybrid,3,11,62,aggressive,-0.5,-0.5,0.0,1,1,0.006330331998469774,0.0062634619971504435
hybrid,3,11,63,station,0.0,0.0,0.0,1,1,0.009182442001474556,0.009192050994897727
hybrid,3,11,64,station,6.0,6.0,0.0,4,4,0.052778394005144946,0.05030368800362339
hybrid,3,11,65,station,-2.0,-2.0,0.0,4,4,0.049946915001783054,0.05281830301100854
hybrid,3,11,66,tight,1.5,1.5,0.0,1,1,0.01079467900126474,0.0103108359980979
hybrid,3,11,67,tight,0.5,0.5,0.0,0,0,0.0,0.0
hybrid,3,11,68,tight,1.0,1.0,0.0,1,1,0.006856444000732154,0.0072529590033809654
hybrid,3,11,69,aggressive,-3.4,-3.4,0.0,3,3,0.028909927008498926,0.029876524000428617
hybrid,3,11,70,aggressive,-1.0,-1.0,0.0,1,1,0.008621600005426444,0.009157922002486885
hybrid,3,11,71,aggressive,-0.5,-0.5,0.0,1,1,0.011908543994650245,0.01203121300204657
hybrid,3,11,72,station,-100.0,-100.0,0.0,1,1,0.01038585499918554,0.011308392000501044
hybrid,3,11,73,station,200.0,200.0,0.0,2,2,0.030209147997084074,0.0256560330017237
hybrid,3,11,74,station,-1.0,-1.0,0.0,4,4,0.05352464299357962,0.05092942099872744
hybrid,3,11,75,tight,1.5,1.5,0.0,1,1,0.010745731000497472,0.00988950199825922
hybrid,3,11,76,tight,0.5,0.5,0.0,0,0,0.0,0.0
hybrid,3,11,77,tight,1.0,1.0,0.0,1,1,0.006217324000317603,0.005971366997982841
hybrid,3,11,78,aggressive,-2.2,-2.2,0.0,3,3,0.036757697991561145,0.03858108200074639
hybrid,3,11,79,aggressive,-1.0,-1.0,0.0,1,1,0.00715094999759458,0.007125241005269345
hybrid,3,11,80,aggressive,-100.0,-100.0,0.0,2,2,0.017747484002029523,0.01824204599688528
hybrid,3,11,81,station,0.0,0.0,0.0,1,1,0.009443939001357649,0.010939797000901308
hybrid,3,11,82,station,6.0,6.0,0.0,4,4,0.055644895997829735,0.052722197004186455
hybrid,3,11,83,station,0.0,0.0,0.0,4,4,0.05297163099749014,0.048204367005382665
hybrid,3,11,84,tight,0.0,0.0,0.0,1,1,0.010072479999507777,0.009933351997460704
hybrid,3,11,85,tight,-3.0,-3.0,0.0,4,4,0.03874544000427704,0.21298221099277725
hybrid,3,11,86,tight,1.0,1.0,0.0,1,1,0.006533509003929794,0.0067543760014814325
hybrid,3,11,87,aggressive,-23.0,-23.0,0.0,7,7,0.0775842279981589,0.0765025629880256
hybrid,3,11,88,aggressive,-100.0,-100.0,0.0,1,1,0.0067886249962612055,0.006809265003539622
hybrid,3,11,89,aggressive,-4.0,-4.0,0.0,5,5,0.042808523001440335,0.2638421149968053
hybrid,3,11,90,station,4.0,4.0,0.0,4,4,0.04750076900381828,0.04713813398848288
hybrid,3,11,91,station,-2.0,-2.0,0.0,4,4,0.049667907995171845,0.05008483199344482
hybrid,3,11,92,station,7.0,7.0,0.0,4,4,0.05202514399570646,0.05131529499340104
hybrid,3,11,93,tight,4.0,4.0,0.0,3,3,0.03477578599995468,0.03375170999788679
hybrid,3,11,94,tight,100.0,100.0,0.0,3,3,0.029168904009566177,0.029407560999970883
hybrid,3,11,95,tight,1.0,1.0,0.0,1,1,0.006363211003190372,0.008412982999288943
hybrid,3,11,96,aggressive,200.0,200.0,0.0,2,2,0.02455776800343301,0.02458414700231515
hybrid,3,11,97,aggressive,17.6,17.6,0.0,2,2,0.023514572996646166,0.024119562993291765
hybrid,3,11,98,aggressive,-6.0,-6.0,0.0,4,4,0.04928608399495715,0.048095719001139514
hybrid,3,11,99,station,-100.0,-100.0,0.0,3,3,0.036525610004900955,0.038476314999570604
hybrid,3,11,100,station,-2.5,-2.5,0.0,4,4,0.050732853000226896,0.054273433997877873
hybrid,3,11,101,station,200.0,200.0,0.0,2,2,0.024139682995155454,0.02333303400519071
hybrid,3,11,102,tight,0.0,0.0,0.0,1,1,0.009391508996486664,0.009368789993459359
hybrid,3,11,103,tight,0.5,0.5,0.0,0,0,0.0,0.0
hybrid,3,11,104,tight,-4.5,-4.5,0.0,5,5,0.0556141039924114,0.055637213998124935
hybrid,3,11,105,aggressive,200.0,200.0,0.0,4,4,0.04256865699426271,0.0437402500101598
hybrid,3,11,106,aggressive,-2.5,-2.5,0.0,2,2,0.021861594999791123,0.021522249997360632
hybrid,3,11,107,aggressive,-17.0,-17.0,0.0,4,4,0.043379766000725795,0.04284174299391452
hybrid,3,11,108,station,0.0,0.0,0.0,1,1,0.009872132002783474,0.008889796001312789
hybrid,3,11,109,station,12.0,12.0,0.0,4,4,0.050724063999950886,0.052162633000989445
hybrid,3,11,110,station,-2.0,-2.0,0.0,4,4,0.04953171900706366,0.050022002003970556
hybrid,3,11,111,tight,0.0,0.0,0.0,1,1,0.008856257001752965,0.009452398000576068
hybrid,3,11,112,tight,0.5,0.5,0.0,0,0,0.0,0.0
hybrid,3,11,113,tight,1.0,1.0,0.0,1,1,0.005867407999176066,0.005828488996485248
hybrid,3,11,114,aggressive,-100.0,-100.0,0.0,4,4,0.04173656799684977,0.04202778399485396
hybrid,3,11,115,aggressive,-6.5,-6.5,0.0,3,3,0.03420922299119411,0.03368246100581018
hybrid,3,11,116,aggressive,-0.5,-0.5,0.0,1,1,0.0066424280012142844,0.006615166996198241
hybrid,3,11,117,station,0.0,0.0,0.0,1,1,0.009095113004150335,0.008788428000116255
hybrid,3,11,118,station,-100.0,-100.0,0.0,1,1,0.009335449998616241,0.009583506995113567
hybrid,3,11,119,station,-2.5,-2.5,0.0,4,4,0.04773706299602054,0.04720327298855409
hybrid,3,29,0,station,0.0,0.0,0.0,1,1,0.00906780399964191,0.009073784000065643
hybrid,3,29,1,station,-2.0,-2.0,0.0,4,4,0.05035487699205987,0.04903930500586284
hybrid,3,29,2,station,-100.0,-100.0,0.0,1,1,0.009287620996474288,0.009148291996098123
hybrid,3,29,3,tight,2.7,2.7,0.0,2,2,0.01989294299710309,0.01963945500756381
hybrid,3,29,4,tight,2.0,2.0,0.0,2,2,0.015939737000735477,0.016231845002039336
hybrid,3,29,5,tight,1.0,1.0,0.0,1,1,0.006682747000013478,0.005867637999472208
hybrid,3,29,6,aggressive,200.0,200.0,0.0,1,1,0.009541556995827705,0.009057534000021406
hybrid,3,29,7,aggressive,-1.0,-1.0,0.0,1,1,0.006911414006026462,0.006552408995048609
hybrid,3,29,8,aggressive,100.0,100.0,0.0,1,1,0.005686600001354236,0.00574357999721542
hybrid,3,29,9,station,0.0,0.0,0.0,1,1,0.009363069002574775,0.009113553001952823
hybrid,3,29,10,station,-2.0,-2.0,0.0,4,4,0.04869642200355884,0.04802626099990448
hybrid,3,29,11,station,-2.0,-2.0,0.0,4,4,0.047169451994705014,0.04652613099460723
hybrid,3,29,12,tight,0.0,0.0,0.0,1,1,0.008821766001346987,0.00867078900046181
hybrid,3,29,13,tight,0.5,0.5,0.0,0,0,0.0,0.0
hybrid,3,29,14,tight,1.0,1.0,0.0,1,1,0.005766828995547257,0.005719859997043386
hybrid,3,29,15,aggressive,0.0,0.0,0.0,1,1,0.008782878001511563,0.008881435998773668
hybrid,3,29,16,aggressive,-1.0,-1.0,0.0,1,1,0.006756335998943541,0.0066584469968802296
hybrid,3,29,17,aggressive,-5.0,-5.0,0.0,4,4,0.038867677001690026,0.039101785005186684
hybrid,3,29,18,station,0.0,0.0,0.0,1,1,0.01044972400268307,0.01404844399803551
hybrid,3,29,19,station,-100.0,-100.0,0.0,1,1,0.014533287001540884,0.015106689999811351
hybrid,3,29,20,station,-100.0,-100.0,0.0,2,2,0.03339654400042491,0.027552424995519686
hybrid,3,29,21,tight,0.0,0.0,0.0,1,1,0.009268811001675203,0.010065229995234404
hybrid,3,29,22,tight,1.0,1.0,0.0,1,1,0.006804575001297053,0.0066985160010517575
hybrid,3,29,23,tight,-4.0,-4.0,0.0,3,3,0.0360602079963428,0.035245288992882706
hybrid,3,29,24,aggressive,200.0,200.0,0.0,1,1,0.01153495899779955,0.009914181995554827
hybrid,3,29,25,aggressive,-7.0,-7.0,0.0,4,4,0.03435979100322584,0.03349254299973836
hybrid,3,29,26,aggressive,-0.5,-0.5,0.0,1,1,0.0072991380002349615,0.006994211995333899
hybrid,3,29,27,station,200.0,200.0,0.0,1,1,0.011385370999050792,0.009787574002984911
hybrid,3,29,28,station,-1.0,-1.0,0.0,4,4,0.05018685199320316,0.04954203899251297
hybrid,3,29,29,station,-100.0,-100.0,0.0,2,2,0.023400313999445643,0.023552731996460352
hybrid,3,29,30,tight,-4.5,-5.5,-1.0,4,4,0.04196797499753302,0.2125878959923284
hybrid,3,29,31,tight,-100.0,-100.0,0.0,1,1,0.00905508400319377,0.007470375996490475
hybrid,3,29,32,tight,1.0,1.0,0.0,1,1,0.008934715006034821,0.007872009999118745
hybrid,3,29,33,aggressive,-5.0,-5.0,0.0,4,4,0.05255020800541388,0.04263302800973179
hybrid,3,29,34,aggressive,-3.0,-3.0,0.0,3,3,0.03625340399594279,0.03384855700278422
hybrid,3,29,35,aggressive,-2.0,-2.0,0.0,2,2,0.016341181995812804,0.01664258800155949
hybrid,3,29,36,station,0.0,0.0,0.0,1,1,0.009201201995892916,0.009115632994507905
hybrid,3,29,37,station,-2.0,-2.0,0.0,4,4,0.05111591699824203,0.04834767500142334
hybrid,3,29,38,station,-4.0,-4.0,0.0,4,4,0.04955812000844162,0.04883607000374468
hybrid,3,29,39,tight,0.0,0.0,0.0,1,1,0.009650824998971075,0.009134851999988314
hybrid,3,29,40,tight,1.0,1.0,0.0,1,1,0.006517939000332262,0.006406129999959376
hybrid,3,29,41,tight,1.0,1.0,0.0,1,1,0.006037075996573549,0.0058153490026597865
hybrid,3,29,42,aggressive,200.0,200.0,0.0,2,2,0.019773553998675197,0.021804305994010065
hybrid,3,29,43,aggressive,-3.4,-3.4,0.0,3,3,0.037884072997258045,0.036666058003902435
hybrid,3,29,44,aggressive,-0.5,-0.5,0.0,1,1,0.00972185400314629,0.010122638996108435
hybrid,3,29,45,station,-4.5,-4.5,0.0,4,4,0.049158035006257705,0.04908118600724265
hybrid,3,29,46,station,200.0,200.0,0.0,4,4,0.05797499200707534,0.055433247005566955
hybrid,3,29,47,station,-3.0,-3.0,0.0,4,4,0.05119926599581959,0.0508436220115982
hybrid,3,29,48,tight,0.0,0.0,0.0,1,1,0.011227473994949833,0.009956820998922922
hybrid,3,29,49,tight,-4.0,-4.0,0.0,4,4,0.044020376008120365,0.2277888729950064
hybrid,3,29,50,tight,-3.0,-17.0,-14.0,6,6,0.06707794401154388,0.28813208198698703
hybrid,3,29,51,aggressive,0.0,0.0,0.0,1,1,0.009625015998608433,0.00939826900139451
hybrid,3,29,52,aggressive,100.0,100.0,0.0,4,4,0.033883447002153844,0.03330140499747358
hybrid,3,29,53,aggressive,-5.0,-5.0,0.0,4,4,0.03764647600473836,0.2185107850091299
hybrid,3,29,54,station,200.0,200.0,0.0,2,2,0.022651273000519723,0.022408427998016123
hybrid,3,29,55,station,-4.0,-4.0,0.0,4,4,0.05081014100142056,0.050928349992318545
hybrid,3,29,56,station,6.0,6.0,0.0,4,4,0.053186807002930436,0.051360464000026695
hybrid,3,29,57,tight,0.0,0.0,0.0,1,1,0.009678875001554843,0.009134902997175232
hybrid,3,29,58,tight,1.5,1.5,0.0,1,1,0.007591794004838448,0.00792953899508575
hybrid,3,29,59,tight,1.0,1.0,0.0,1,1,0.00638550100120483,0.005922096999711357
hybrid,3,29,60,aggressive,1.5,1.5,0.0,1,1,0.009480038002948277,0.00934537000284763
hybrid,3,29,61,aggressive,-1.0,-1.0,0.0,1,1,0.010408324997115415,0.010464183993462939
hybrid,3,29,62,aggressive,200.0,200.0,0.0,1,1,0.009569576002832036,0.009411569000803865
hybrid,3,29,63,station,0.0,0.0,0.0,1,1,0.009538276004604995,0.009364079996885266
hybrid,3,29,64,station,-2.0,-2.0,0.0,4,4,0.05262681601016084,0.05270820600708248
hybrid,3,29,65,station,4.0,4.0,0.0,4,4,0.05104567699163454,0.048455493997607846
hybrid,3,29,66,tight,1.5,1.5,0.0,1,1,0.009318970005551819,0.00894468499609502
hybrid,3,29,67,tight,2.0,2.0,0.0,4,4,0.050363937007205095,0.04743954899458913
hybrid,3,29,68,tight,3.0,3.0,0.0,3,3,0.030855580000206828,0.030127220998110715
hybrid,3,29,69,aggressive,-100.0,-100.0,0.0,3,3,0.028004300002066884,0.027807669997855555
hybrid,3,29,70,aggressive,-1.0,-1.0,0.0,1,1,0.006842594004410785,0.006836385000497103
hybrid,3,29,71,aggressive,-100.0,-100.0,0.0,1,1,0.009204352005326655,0.00938480000331765
hybrid,3,29,72,station,-4.5,-4.5,0.0,4,4,0.04665984900202602,0.04883447999600321
hybrid,3,29,73,station,-2.5,-2.5,0.0,4,4,0.05009778199746506,0.04863031099375803
hybrid,3,29,74,station,-2.0,-2.0,0.0,4,4,0.046540930998162366,0.046932844998082146
hybrid,3,29,75,tight,4.5,4.5,0.0,2,2,0.01985996299481485,0.019549306998669636
hybrid,3,29,76,tight,-2.0,-2.0,0.0,4,4,0.042969299996912014,0.04189411499828566
hybrid,3,29,77,tight,1.0,1.0,0.0,1,1,0.006159174001368228,0.006212293999851681
hybrid,3,29,78,aggressive,-3.5,-3.5,0.0,2,2,0.016897245004656725,0.0164763899956597
hybrid,3,29,79,aggressive,-2.5,-2.5,0.0,2,2,0.023123908002162352,0.024159032996976748
hybrid,3,29,80,aggressive,100.0,14.0,-86.0,5,6,0.04335470600926783,0.4076545460120542
hybrid,3,29,81,station,4.4,4.4,0.0,4,4,0.050431078001565766,0.049636577008641325
hybrid,3,29,82,station,-2.0,-2.0,0.0,4,4,0.051260375999845564,0.052481646998785436
hybrid,3,29,83,station,-2.5,-2.5,0.0,4,4,0.051109027008351404,0.05037606700352626
hybrid,3,29,84,tight,0.0,0.0,0.0,1,1,0.01026803699642187,0.009252370997273829
hybrid,3,29,85,tight,3.0,3.0,0.0,4,4,0.04583447199547663,0.2171030819954467
hybrid,3,29,86,tight,3.0,3.0,0.0,2,2,0.022702362002746668,0.021837565996975172
hybrid,3,29,87,aggressive,100.5,100.5,0.0,4,4,0.037900661991443485,0.03791400200134376
hybrid,3,29,88,aggressive,-1.0,-1.0,0.0,1,1,0.006982332997722551,0.007376936999207828
hybrid,3,29,89,aggressive,-2.0,-2.0,0.0,3,3,0.03391657800239045,0.034779954999976326
hybrid,3,29,90,station,-2.0,-2.0,0.0,4,4,0.051125698002579156,0.0505142049951246
hybrid,3,29,91,station,-2.0,-2.0,0.0,4,4,0.054314592001901474,0.054266203987936024
hybrid,3,29,92,station,-4.0,-4.0,0.0,4,4,0.050181978003820404,0.050334378000115976
hybrid,3,29,93,tight,0.0,0.0,0.0,1,1,0.009516978003375698,0.01018897800531704
hybrid,3,29,94,tight,0.5,0.5,0.0,0,0,0.0,0.0
hybrid,3,29,95,tight,3.0,3.0,0.0,2,2,0.020509034002316184,0.021203764001256786
hybrid,3,29,96,aggressive,0.0,0.0,0.0,1,1,0.009386919002281502,0.00891171600233065
hybrid,3,29,97,aggressive,100.0,100.0,0.0,2,2,0.016226962994551286,0.016425390997028444
hybrid,3,29,98,aggressive,-5.0,-5.0,0.0,4,4,0.04000951199850533,0.03820643800281687
hybrid,3,29,99,station,0.0,0.0,0.0,1,1,0.008612189994892105,0.008769637999648694
hybrid,3,29,100,station,-1.0,-1.0,0.0,4,4,0.04561032299534418,0.04449569000280462
hybrid,3,29,101,station,-2.0,-2.0,0.0,4,4,0.04620349600008922,0.046410291994106956
hybrid,3,29,102,tight,3.0,3.0,0.0,2,2,0.019471398001769558,0.019512678001774475
hybrid,3,29,103,tight,1.0,1.0,0.0,1,1,0.006120145000750199,0.006248432997381315
hybrid,3,29,104,tight,4.0,4.0,0.0,4,4,0.0415413599985186,0.22635590199934086
hybrid,3,29,105,aggressive,0.0,0.0,0.0,1,1,0.009559316997183487,0.009401777999300975
hybrid,3,29,106,aggressive,-4.4,-4.4,0.0,3,3,0.03066566100460477,0.03018592899752548
hybrid,3,29,107,aggressive,-0.5,-0.5,0.0,1,1,0.009536558005493134,0.009392158994160127
hybrid,3,29,108,station,0.0,0.0,0.0,1,1,0.009525207999104168,0.010024269999121316
hybrid,3,29,109,station,-5.0,-5.0,0.0,4,4,0.052234742004657164,0.048197267002251465
hybrid,3,29,110,station,200.0,200.0,0.0,4,4,0.05005268200329738,0.04990281298523769
hybrid,3,29,111,tight,0.0,0.0,0.0,1,1,0.009416327993676532,0.009258261001377832
hybrid,3,29,112,tight,0.5,0.5,0.0,0,0,0.0,0.0
hybrid,3,29,113,tight,-4.0,-4.0,0.0,4,4,0.03646139100601431,0.22390853700198932
hybrid,3,29,114,aggressive,0.0,0.0,0.0,1,1,0.009904682003252674,0.009299650002503768
hybrid,3,29,115,aggressive,-2.0,-2.0,0.0,2,2,0.018241055993712507,0.01727733799634734
hybrid,3,29,116,aggressive,-2.0,-2.0,0.0,3,3,0.035303456999827176,0.03637757400429109
hybrid,3,29,117,station,-2.0,-2.0,0.0,4,4,0.048274186003254727,0.04731939001067076
hybrid,3,29,118,station,-1.0,-1.0,0.0,4,4,0.04729288100497797,0.047998891001043376
hybrid,3,29,119,station,-2.0,-2.0,0.0,4,4,0.047412058993359096,0.04891419900377514
hybrid,3,47,0,station,-3.0,-3.0,0.0,4,4,0.04892670699337032,0.04999623299227096
hybrid,3,47,1,station,3.15,3.15,0.0,4,4,0.04976854599954095,0.049555989004147705
hybrid,3,47,2,station,8.0,8.0,0.0,4,4,0.051278014994750265,0.05060618399147643
hybrid,3,47,3,tight,0.0,0.0,0.0,1,1,0.009646865000831895,0.00972600399836665
hybrid,3,47,4,tight,-9.0,-24.0,-15.0,5,5,0.05449728199891979,0.2241691230010474
hybrid,3,47,5,tight,1.0,1.0,0.0,1,1,0.006789315004425589,0.006898273997649085
hybrid,3,47,6,aggressive,-6.5,-6.5,0.0,5,5,0.05093578898959095,0.22176060600031633
hybrid,3,47,7,aggressive,-100.0,-100.0,0.0,1,1,0.007326897997700144,0.0070701820004615
hybrid,3,47,8,aggressive,-8.0,-8.0,0.0,4,4,0.04323114801081829,0.043322303994500544
hybrid,3,47,9,station,200.0,200.0,0.0,1,1,0.010241117000987288,0.01032911600486841
hybrid,3,47,10,station,-1.0,-1.0,0.0,4,4,0.047155591993941925,0.04816292700706981
hybrid,3,47,11,station,-100.0,-100.0,0.0,1,1,0.009491596996667795,0.009857432996795978
hybrid,3,47,12,tight,1.5,1.5,0.0,1,1,0.009528447000775486,0.008901426001102664
hybrid,3,47,13,tight,1.5,1.5,0.0,1,1,0.007410217003780417,0.007758051993732806
hybrid,3,47,14,tight,1.0,1.0,0.0,1,1,0.006075605000660289,0.0061482640012400225
hybrid,3,47,15,aggressive,-3.4,-3.4,0.0,4,4,0.042805481993127614,0.0436087219932233
hybrid,3,47,16,aggressive,-2.0,-2.0,0.0,4,4,0.0370844639983261,0.20721455100283492
hybrid,3,47,17,aggressive,-8.0,-8.0,0.0,4,4,0.04100520799693186,0.040536084001359995
hybrid,3,47,18,station,0.0,0.0,0.0,1,1,0.008915115002309904,0.009029282999108545
hybrid,3,47,19,station,-100.0,-100.0,0.0,4,4,0.05118896599014988,0.04963117800070904
hybrid,3,47,20,station,-2.5,-2.5,0.0,4,4,0.04827644601027714,0.04833902600512374
hybrid,3,47,21,tight,1.5,1.5,0.0,1,1,0.009780124004464597,0.009280621001380496
hybrid,3,47,22,tight,0.5,0.5,0.0,0,0,0.0,0.0
hybrid,3,47,23,tight,1.0,1.0,0.0,1,1,0.006030645999999251,0.005935026994848158
hybrid,3,47,24,aggressive,0.0,0.0,0.0,1,1,0.0092777309982921,0.009229880997736473
hybrid,3,47,25,aggressive,-100.0,-100.0,0.0,2,2,0.022944590004044585,0.02275432199530769
hybrid,3,47,26,aggressive,-2.0,-2.0,0.0,2,2,0.014440688006288838,0.014134432989521883
hybrid,3,47,27,station,200.0,200.0,0.0,2,2,0.021902834996581078,0.02169041799788829
hybrid,3,47,28,station,200.0,200.0,0.0,4,4,0.04815445999702206,0.049502509013109375
hybrid,3,47,29,station,-0.5,-0.5,0.0,1,1,0.009426068005268462,0.009404238997376524
hybrid,3,47,30,tight,3.0,3.0,0.0,2,2,0.02009859899408184,0.01976064500195207
hybrid,3,47,31,tight,-4.4,-4.4,0.0,4,4,0.03254179500072496,0.03324468599748798
hybrid,3,47,32,tight,1.0,1.0,0.0,1,1,0.006057865000911988,0.006158324002171867
hybrid,3,47,33,aggressive,-3.5,-3.5,0.0,2,2,0.01984831300069345,0.020252447990060318
hybrid,3,47,34,aggressive,-2.5,-2.5,0.0,4,4,0.04794746101106284,0.04799638099211734
hybrid,3,47,35,aggressive,101.0,101.0,0.0,1,1,0.009149352001259103,0.00957926699629752
hybrid,3,47,36,station,0.0,0.0,0.0,1,1,0.009230221003235783,0.009090193001611624
hybrid,3,47,37,station,-3.0,-3.0,0.0,4,4,0.051393983005254995,0.05214928200439317
hybrid,3,47,38,station,-2.0,-2.0,0.0,4,4,0.0479853300130344,0.049880014012160245
hybrid,3,47,39,tight,0.0,0.0,0.0,1,1,0.009617226001864765,0.00933031999738887
hybrid,3,47,40,tight,-4.0,-6.0,-2.0,4,5,0.043983837982523255,0.26133592401311034
hybrid,3,47,41,tight,1.0,1.0,0.0,1,1,0.0059271969948895276,0.005800938997708727
hybrid,3,47,42,aggressive,0.0,0.0,0.0,1,1,0.008822477000649087,0.009427258002688177
hybrid,3,47,43,aggressive,-2.0,100.0,102.0,4,4,0.03457303700270131,0.0949047559988685
hybrid,3,47,44,aggressive,200.0,200.0,0.0,1,1,0.009390459003043361,0.009579347002727445
hybrid,3,47,45,station,200.0,200.0,0.0,2,2,0.02172662699740613,0.021845784998731688
hybrid,3,47,46,station,-2.0,-2.0,0.0,4,4,0.04832037498999853,0.047638614996685646
hybrid,3,47,47,station,-1.0,-1.0,0.0,4,4,0.045111890001862776,0.04785887200705474
hybrid,3,47,48,tight,6.0,6.0,0.0,4,4,0.04192015599983279,0.2100027109918301
hybrid,3,47,49,tight,0.5,0.5,0.0,0,0,0.0,0.0
hybrid,3,47,50,tight,5.0,5.0,0.0,2,2,0.020663180999690667,0.020692510988737922
hybrid,3,47,51,aggressive,-100.0,-100.0,0.0,2,2,0.016612008002994116,0.016689927004335914
hybrid,3,47,52,aggressive,-100.0,-100.0,0.0,1,1,0.010341575005440973,0.009935381996911019
hybrid,3,47,53,aggressive,-0.5,-0.5,0.0,1,1,0.00995585099735763,0.009937022005033214
hybrid,3,47,54,station,-3.0,-3.0,0.0,4,4,0.05101199799537426,0.048997245998180006
hybrid,3,47,55,station,-2.0,-2.0,0.0,4,4,0.04985329399642069,0.0501806399988709
hybrid,3,47,56,station,-3.0,-3.0,0.0,4,4,0.050982408996787854,0.050974730009329505
hybrid,3,47,57,tight,-5.2,-5.2,0.0,4,4,0.04526506700494792,0.21540502300922526
hybrid,3,47,58,tight,0.5,0.5,0.0,0,0,0.0,0.0
hybrid,3,47,59,tight,3.0,3.0,0.0,2,2,0.02123438299895497,0.02054632399813272
hybrid,3,47,60,aggressive,0.0,0.0,0.0,1,1,0.009044332997291349,0.009020784003951121
hybrid,3,47,61,aggressive,-5.5,-5.5,0.0,3,3,0.038447874001576565,0.03846032400178956
hybrid,3,47,62,aggressive,-1.0,-1.0,0.0,2,2,0.017261647997656837,0.017553006000525784
hybrid,3,47,63,station,-100.0,-100.0,0.0,1,1,0.009277549994294532,0.009237031001248397
hybrid,3,47,64,station,200.0,200.0,0.0,2,2,0.023689449997618794,0.026036254996142816
hybrid,3,47,65,station,-2.0,-2.0,0.0,4,4,0.04969267600245075,0.04877817899978254
hybrid,3,47,66,tight,1.5,1.5,0.0,1,1,0.009777944003872108,0.009455717998207547
hybrid,3,47,67,tight,0.5,0.5,0.0,0,0,0.0,0.0
hybrid,3,47,68,tight,-7.0,-12.5,-5.5,6,6,0.06281400300213136,0.24349175300449133
hybrid,3,47,69,aggressive,-100.0,-100.0,0.0,1,1,0.009779094005352817,0.009814862998609897
hybrid,3,47,70,aggressive,-2.0,-2.0,0.0,2,2,0.023883845999080222,0.023234366002725437
hybrid,3,47,71,aggressive,-5.5,-5.5,0.0,3,3,0.03346141400106717,0.033350385005178396
hybrid,3,47,72,station,0.0,0.0,0.0,1,1,0.0093521199960378,0.009203831003105734
hybrid,3,47,73,station,-5.0,-5.0,0.0,4,4,0.050582114003191236,0.05023786801029928
hybrid,3,47,74,station,200.0,200.0,0.0,2,2,0.021741707001638133,0.022275980001722928
hybrid,3,47,75,tight,7.0,7.0,0.0,4,4,0.039581138000357896,0.03901513499295106
hybrid,3,47,76,tight,-3.0,-2.0,1.0,5,4,0.044253961998037994,0.21013818699429976
hybrid,3,47,77,tight,1.0,1.0,0.0,1,1,0.00588363700080663,0.005719749999116175
hybrid,3,47,78,aggressive,-2.0,-2.0,0.0,2,2,0.01931317000708077,0.019113371999992523
hybrid,3,47,79,aggressive,-1.0,-1.0,0.0,1,1,0.006485229998361319,0.006589307995454874
hybrid,3,47,80,aggressive,-100.0,-100.0,0.0,2,2,0.02177414600009797,0.02282944099715678
hybrid,3,47,81,station,-1.0,-1.0,0.0,4,4,0.045272339004441164,0.04443749000347452
hybrid,3,47,82,station,2.0,2.0,0.0,4,4,0.0472323499925551,0.046502219993271865
hybrid,3,47,83,station,-2.0,-2.0,0.0,4,4,0.04620064399932744,0.04747102900000755
hybrid,3,47,84,tight,-100.0,-100.0,0.0,2,2,0.020492703988566063,0.019518517001415603
hybrid,3,47,85,tight,1.0,1.0,0.0,1,1,0.006688146997475997,0.006613088000449352
hybrid,3,47,86,tight,1.0,1.0,0.0,1,1,0.006241693001356907,0.006248262994631659
hybrid,3,47,87,aggressive,-3.5,-3.5,0.0,2,2,0.016893205007363576,0.01739971699862508
hybrid,3,47,88,aggressive,-3.0,-3.0,0.0,2,2,0.024251781003840733,0.02458779700100422
hybrid,3,47,89,aggressive,-3.0,-3.0,0.0,5,5,0.056340983013797086,0.055013461991620716
hybrid,3,47,90,station,0.0,0.0,0.0,1,1,0.00929890999395866,0.00893928500590846
hybrid,3,47,91,station,-2.5,-2.5,0.0,4,4,0.05005957099638181,0.0501709799937089
hybrid,3,47,92,station,4.0,4.0,0.0,4,4,0.04911551499390043,0.04918646299483953
hybrid,3,47,93,tight,0.0,0.0,0.0,1,1,0.009704165000584908,0.009235761004674714
hybrid,3,47,94,tight,2.0,-2.0,-4.0,4,4,0.03659025900560664,0.20807601699925726
hybrid,3,47,95,tight,-4.0,-6.0,-2.0,4,4,0.03638282201427501,0.21509574799711118
hybrid,3,47,96,aggressive,-5.5,-5.5,0.0,3,3,0.025944428001821507,0.02611861500190571
hybrid,3,47,97,aggressive,4.0,100.0,96.0,5,6,0.044477539995568804,0.2655216329949326
hybrid,3,47,98,aggressive,-0.5,-0.5,0.0,1,1,0.006380620994605124,0.006455618997279089
hybrid,3,47,99,station,0.0,0.0,0.0,1,1,0.00901114399312064,0.009199261003232095
hybrid,3,47,100,station,200.0,200.0,0.0,4,4,0.04774635299690999,0.048266755999065936
hybrid,3,47,101,station,-5.0,-5.0,0.0,4,4,0.04956703800417017,0.04972109699883731
hybrid,3,47,102,tight,1.5,1.5,0.0,1,1,0.00928746000136016,0.008967674999439623
hybrid,3,47,103,tight,0.5,0.5,0.0,0,0,0.0,0.0
hybrid,3,47,104,tight,-4.0,-8.0,-4.0,5,5,0.04728369900112739,0.27051506400312064
hybrid,3,47,105,aggressive,-3.4,-3.4,0.0,3,3,0.027551463994313963,0.026870355002756696
hybrid,3,47,106,aggressive,-2.0,-2.0,0.0,3,3,0.03460414799337741,0.03548953599965898
hybrid,3,47,107,aggressive,-7.0,-7.0,0.0,3,3,0.032258419996651355,0.03215961100067943
hybrid,3,47,108,station,0.0,0.0,0.0,1,1,0.008847427001455799,0.008857297005306464
hybrid,3,47,109,station,-2.0,-2.0,0.0,4,4,0.04803275100857718,0.047552445001201704
hybrid,3,47,110,station,-2.0,-2.0,0.0,4,4,0.04843623500346439,0.048201325997069944
hybrid,3,47,111,tight,7.0,7.0,0.0,2,2,0.021924123000644613,0.02209343200229341
hybrid,3,47,112,tight,0.0,0.0,0.0,4,4,0.0379257020103978,0.20770297999843024
hybrid,3,47,113,tight,-3.0,-3.0,0.0,4,4,0.03796648099523736,0.2225284239902976
hybrid,3,47,114,aggressive,-8.0,-8.0,0.0,5,5,0.06012741099402774,0.05980138598533813
hybrid,3,47,115,aggressive,-100.0,-100.0,0.0,1,1,0.009884062004857697,0.009824772998399567
hybrid,3,47,116,aggressive,200.0,200.0,0.0,1,1,0.00936541000555735,0.009263280997402035
hybrid,3,47,117,station,0.0,0.0,0.0,1,1,0.00960463599767536,0.009275620002881624
hybrid,3,47,118,station,-1.0,-1.0,0.0,4,4,0.048368454990850296,0.050993909004318994
hybrid,3,47,119,station,200.0,200.0,0.0,4,4,0.04698958299559308,0.04667172699555522
hybrid,6,11,0,station,0.0,0.0,0.0,1,1,0.023385303997201845,0.01926336200267542
hybrid,6,11,1,station,0.0,0.0,0.0,1,1,0.019879283994669095,0.020427895993634593
hybrid,6,11,2,station,0.0,0.0,0.0,1,1,0.025621442997362465,0.023445722996257246
hybrid,6,11,3,station,0.0,0.0,0.0,1,1,0.0201049699971918,0.022399397996196058
hybrid,6,11,4,station,-2.0,-2.0,0.0,4,4,0.08810226299101487,0.0870037369968486
hybrid,6,11,5,station,-2.0,-2.0,0.0,4,4,0.08339611800329294,0.0864376160025131
hybrid,6,11,6,tight,2.5,2.5,0.0,1,1,0.012524464997113682,0.011897435004357249
hybrid,6,11,7,tight,0.0,0.0,0.0,1,1,0.016677046995027922,0.017045683001924772
hybrid,6,11,8,tight,0.0,0.0,0.0,1,1,0.014018705005582888,0.013394073001109064
hybrid,6,11,9,tight,0.0,0.0,0.0,1,1,0.01735274800012121,0.015074210001330357
hybrid,6,11,10,tight,-100.0,-100.0,0.0,1,1,0.00656246900325641,0.006776504997105803
hybrid,6,11,11,tight,-3.0,-4.0,-1.0,4,4,0.044855694999569096,0.23019615199882537
hybrid,6,11,12,aggressive,0.0,0.0,0.0,1,1,0.02123446400219109,0.01974883500224678
hybrid,6,11,13,aggressive,0.0,0.0,0.0,1,1,0.019369040004676208,0.017913830997713376
hybrid,6,11,14,aggressive,0.0,0.0,0.0,1,1,0.018846448001568206,0.0180442380005843
hybrid,6,11,15,aggressive,0.0,0.0,0.0,1,1,0.016452971001854166,0.016281382995657623
hybrid,6,11,16,aggressive,-1.0,-1.0,0.0,1,1,0.013294124997628387,0.012973798999155406
hybrid,6,11,17,aggressive,-3.0,-3.0,0.0,4,4,0.0731309019975015,0.07394530800229404
hybrid,6,11,18,station,0.0,0.0,0.0,1,1,0.01898120499390643,0.018775288997858297
hybrid,6,11,19,station,-100.0,-100.0,0.0,1,1,0.02039981599955354,0.018076827996992506
hybrid,6,11,20,station,-100.0,-100.0,0.0,1,1,0.017480346003139857,0.017751822000718676
hybrid,6,11,21,station,0.0,0.0,0.0,1,1,0.01726694999524625,0.016891464998479933
hybrid,6,11,22,station,500.0,500.0,0.0,1,1,0.018636079999851063,0.019604276996687986
hybrid,6,11,23,station,-0.5,-0.5,0.0,1,1,0.018876287998864427,0.0183173839977826
hybrid,6,11,24,tight,100.5,6.5,-94.0,5,5,0.05564174299797742,0.22392975800175918
hybrid,6,11,25,tight,0.0,0.0,0.0,1,1,0.015214767998259049,0.015427575999638066
hybrid,6,11,26,tight,0.0,0.0,0.0,1,1,0.014363920003233943,0.01447135800117394
hybrid,6,11,27,tight,-2.0,-2.0,0.0,4,4,0.059700787998735905,0.05990182499954244
hybrid,6,11,28,tight,0.5,0.5,0.0,0,0,0.0,0.0
hybrid,6,11,29,tight,-2.0,-2.0,0.0,5,5,0.06896583899651887,0.2374644819938112
hybrid,6,11,30,aggressive,0.0,0.0,0.0,1,1,0.012264229000720661,0.012132810996263288
hybrid,6,11,31,aggressive,0.0,0.0,0.0,1,1,0.017350287998851854,0.016909855003177654
hybrid,6,11,32,aggressive,0.0,0.0,0.0,1,1,0.014145382992865052,0.01433938000263879
hybrid,6,11,33,aggressive,0.0,0.0,0.0,1,1,0.016654688006383367,0.017554415004269686
hybrid,6,11,34,aggressive,-1.0,-1.0,0.0,1,1,0.012775121998856775,0.013923195998359006
hybrid,6,11,35,aggressive,-6.0,-6.0,0.0,3,3,0.048522624994802754,0.04759501700027613
hybrid,6,11,36,station,0.0,0.0,0.0,1,1,0.01739947799796937,0.017666214000200853
hybrid,6,11,37,station,0.0,0.0,0.0,1,1,0.017414756999642123,0.01737404800223885
hybrid,6,11,38,station,0.0,0.0,0.0,1,1,0.01711078199878102,0.016768196001066826
hybrid,6,11,39,station,0.0,0.0,0.0,1,1,0.01606997600174509,0.017127011000411585
hybrid,6,11,40,station,-8.0,-8.0,0.0,4,4,0.09100230199692305,0.08780498700798489
hybrid,6,11,41,station,500.0,500.0,0.0,1,1,0.017409967003914062,0.018106267998518888
hybrid,6,11,42,tight,0.0,0.0,0.0,1,1,0.010388585003966,0.009338299998489674
hybrid,6,11,43,tight,4.5,4.5,0.0,2,2,0.02579954000248108,0.02534466699580662
hybrid,6,11,44,tight,14.0,14.0,0.0,3,3,0.042585107003105804,0.04228059100569226
hybrid,6,11,45,tight,105.4,37.2,-68.2,5,6,0.06984069800091675,0.3068392149943975
hybrid,6,11,46,tight,4.0,4.0,0.0,3,3,0.03869550100353081,0.04088013999717077
hybrid,6,11,47,tight,-4.0,-4.0,0.0,5,5,0.053685083010350354,0.04668179099826375
hybrid,6,11,48,aggressive,0.0,0.0,0.0,1,1,0.018954845996631775,0.018357423999987077
hybrid,6,11,49,aggressive,-100.0,-100.0,0.0,2,2,0.03117858500627335,0.031400403000588994
hybrid,6,11,50,aggressive,0.0,0.0,0.0,1,1,0.01235811800142983,0.012492066001868807
hybrid,6,11,51,aggressive,400.0,400.0,0.0,1,1,0.01674035599717172,0.016544578997127246
hybrid,6,11,52,aggressive,-100.0,-100.0,0.0,2,2,0.043199968997214455,0.041298294003354385
hybrid,6,11,53,aggressive,500.0,500.0,0.0,3,3,0.06795930299995234,0.07219631500629475
hybrid,6,11,54,station,0.0,0.0,0.0,1,1,0.020624242999474518,0.02017839899781393
hybrid,6,11,55,station,-3.0,-3.0,0.0,4,4,0.09326054000848671,0.09258248900005128
hybrid,6,11,56,station,0.0,0.0,0.0,1,1,0.019579366999096237,0.019909032998839393
hybrid,6,11,57,station,0.0,0.0,0.0,1,1,0.01939493900135858,0.017289038994931616
hybrid,6,11,58,station,-6.0,-6.0,0.0,4,4,0.10114094099844806,0.09996059700642945
hybrid,6,11,59,station,-1.0,-1.0,0.0,4,4,0.09161197300272761,0.08948407299612882
hybrid,6,29,0,station,0.0,0.0,0.0,1,1,0.018956776002596598,0.019185072000254877
hybrid,6,29,1,station,0.0,0.0,0.0,1,1,0.019112383997708093,0.020370666003145743
hybrid,6,29,2,station,-4.5,-4.5,0.0,4,4,0.09526878100587055,0.09051464900403516
hybrid,6,29,3,station,0.0,0.0,0.0,1,1,0.017942549995495938,0.01642663100210484
hybrid,6,29,4,station,-1.0,-1.0,0.0,4,4,0.0850430740028969,0.08089858300081687
hybrid,6,29,5,station,200.0,200.0,0.0,2,2,0.039868573992862366,0.03926243300520582
hybrid,6,29,6,tight,101.5,101.5,0.0,1,1,0.012319698005740065,0.012424527005350683
hybrid,6,29,7,tight,0.0,0.0,0.0,1,1,0.012193390000902582,0.011797895000199787
hybrid,6,29,8,tight,-100.0,-100.0,0.0,1,1,0.014076753999688663,0.014109783005551435
hybrid,6,29,9,tight,0.0,0.0,0.0,1,1,0.01598849700530991,0.016605718003120273
hybrid,6,29,10,tight,-2.0,-2.0,0.0,3,3,0.031236332994012628,0.02883325900620548
hybrid,6,29,11,tight,3.0,3.0,0.0,2,2,0.030155710002873093,0.029124234002665617
hybrid,6,29,12,aggressive,0.0,0.0,0.0,1,1,0.012516205002611969,0.012575385000673123
hybrid,6,29,13,aggressive,0.0,0.0,0.0,1,1,0.012105471003451385,0.01344712299760431
hybrid,6,29,14,aggressive,-3.0,-3.0,0.0,3,3,0.05064323299302487,0.047682896998594515
hybrid,6,29,15,aggressive,0.0,0.0,0.0,1,1,0.017078261997085065,0.017587884001841303
hybrid,6,29,16,aggressive,-1.0,-1.0,0.0,1,1,0.011594698000408243,0.011447839999163989
hybrid,6,29,17,aggressive,-3.8,-3.8,0.0,2,2,0.0340174860029947,0.03724818999035051
hybrid,6,29,18,station,0.0,0.0,0.0,1,1,0.018995335994986817,0.01896297600615071
hybrid,6,29,19,station,500.0,500.0,0.0,1,1,0.017853851000836585,0.019115164002869278
hybrid,6,29,20,station,0.0,0.0,0.0,1,1,0.01762914400023874,0.019406339000852313
hybrid,6,29,21,station,0.0,0.0,0.0,1,1,0.016989433999697212,0.01680776499415515
hybrid,6,29,22,station,-7.0,-7.0,0.0,4,4,0.09271066900691949,0.09182012900419068
hybrid,6,29,23,station,-100.0,-100.0,0.0,2,2,0.0421600820045569,0.044301822999841534
hybrid,6,29,24,tight,-100.0,-100.0,0.0,3,3,0.03538208700774703,0.03567695300444029
hybrid,6,29,25,tight,1.5,1.5,0.0,1,1,0.01188630400429247,0.012729283000226133
hybrid,6,29,26,tight,0.0,0.0,0.0,1,1,0.018407272997137625,0.018921387003501877
hybrid,6,29,27,tight,1.5,1.5,0.0,1,1,0.01751355600572424,0.01723701999435434
hybrid,6,29,28,tight,-3.2,-3.2,0.0,3,3,0.03651500200066948,0.028619221004191786
hybrid,6,29,29,tight,-100.0,-100.0,0.0,2,2,0.031259794006473385,0.029838622998795472
hybrid,6,29,30,aggressive,0.0,0.0,0.0,1,1,0.012861311006417964,0.013004887994611636
hybrid,6,29,31,aggressive,500.0,500.0,0.0,2,2,0.035509064997313544,0.03891511799884029
hybrid,6,29,32,aggressive,0.0,0.0,0.0,1,1,0.017687004001345485,0.01735305799957132
hybrid,6,29,33,aggressive,0.0,0.0,0.0,1,1,0.01600995699845953,0.01679788600449683
hybrid,6,29,34,aggressive,-1.0,-1.0,0.0,1,1,0.013695169000129681,0.013089216998196207
hybrid,6,29,35,aggressive,-0.5,-0.5,0.0,1,1,0.012582133997057099,0.012440405997040216
hybrid,6,29,36,station,0.0,0.0,0.0,1,1,0.01744112699816469,0.01781183199636871
hybrid,6,29,37,station,0.0,0.0,0.0,1,1,0.01821710600052029,0.0174245369998971
hybrid,6,29,38,station,-1.0,-1.0,0.0,4,4,0.07839604599575978,0.07619173799321288
hybrid,6,29,39,station,0.0,0.0,0.0,1,1,0.016007946993340738,0.015682311001000926
hybrid,6,29,40,station,-4.0,-4.0,0.0,4,4,0.08309798299887916,0.08207996399869444
hybrid,6,29,41,station,200.0,200.0,0.0,2,2,0.042354718993010465,0.04421661299420521
hybrid,6,29,42,tight,3.2,3.2,0.0,2,2,0.02091986899904441,0.019655635995150078
hybrid,6,29,43,tight,0.0,0.0,0.0,1,1,0.011231543001485988,0.011486540002806578
hybrid,6,29,44,tight,-2.2,-2.2,0.0,3,3,0.04572964300314197,0.04435054200439481
hybrid,6,29,45,tight,1.5,1.5,0.0,1,1,0.01603814600093756,0.01616412400471745
hybrid,6,29,46,tight,0.5,0.5,0.0,0,0,0.0,0.0
hybrid,6,29,47,tight,-3.0,-3.0,0.0,4,4,0.032625286003167275,0.03283627099881414
hybrid,6,29,48,aggressive,0.0,0.0,0.0,1,1,0.017450546998588834,0.01748923600098351
hybrid,6,29,49,aggressive,0.0,0.0,0.0,1,1,0.01718391999747837,0.016886534001969267
hybrid,6,29,50,aggressive,0.0,0.0,0.0,1,1,0.016334031999576837,0.01607403600064572
hybrid,6,29,51,aggressive,0.0,0.0,0.0,1,1,0.015594332995533478,0.015619482001056895
hybrid,6,29,52,aggressive,-1.0,-1.0,0.0,1,1,0.010549863000051118,0.010536132998822723
hybrid,6,29,53,aggressive,-0.5,-0.5,0.0,1,1,0.015085669998370577,0.014955302001908422
hybrid,6,29,54,station,-2.0,-2.0,0.0,4,4,0.08831588800967438,0.10088332499435637
hybrid,6,29,55,station,-1.0,-1.0,0.0,4,4,0.08170253000571392,0.0796038309999858
hybrid,6,29,56,station,0.0,0.0,0.0,1,1,0.016670407996571157,0.016395262005971745
hybrid,6,29,57,station,0.0,0.0,0.0,1,1,0.016458381003758404,0.018014999004662968
hybrid,6,29,58,station,-1.0,-1.0,0.0,4,4,0.08313820100011071,0.08260280799731845
hybrid,6,29,59,station,-2.0,-2.0,0.0,4,4,0.07818341900565429,0.07498266499897
hybrid,6,47,0,station,0.0,0.0,0.0,1,1,0.02166642799420515,0.027795472997240722
hybrid,6,47,1,station,0.0,0.0,0.0,1,1,0.0240022450016113,0.022406497999327257
hybrid,6,47,2,station,0.0,0.0,0.0,1,1,0.02712894199794391,0.025070331001188606
hybrid,6,47,3,station,0.0,0.0,0.0,1,1,0.01779660199827049,0.017600443999981508
hybrid,6,47,4,station,500.0,500.0,0.0,2,2,0.04071313299937174,0.044098135993408505
hybrid,6,47,5,station,-100.0,-100.0,0.0,1,1,0.017851312004495412,0.017513596001663245
hybrid,6,47,6,tight,0.5,0.5,0.0,4,4,0.04555539500142913,0.21512275998975383
hybrid,6,47,7,tight,-100.0,-100.0,0.0,1,1,0.011508978997881059,0.011299972000415437
hybrid,6,47,8,tight,100.5,100.5,0.0,1,1,0.013596900003904011,0.01376504799554823
hybrid,6,47,9,tight,1.5,1.5,0.0,1,1,0.01570059100049548,0.015343576000304893
hybrid,6,47,10,tight,3.0,3.0,0.0,2,2,0.028406674005964305,0.028823998000007123
hybrid,6,47,11,tight,-100.0,-100.0,0.0,1,1,0.006218103997525759,0.006076375000702683
hybrid,6,47,12,aggressive,0.0,0.0,0.0,1,1,0.01746764600102324,0.01744103700184496
hybrid,6,47,13,aggressive,0.0,0.0,0.0,1,1,0.011675766996631864,0.01183881500037387
hybrid,6,47,14,aggressive,0.0,0.0,0.0,1,1,0.011204583999642637,0.011812904995167628
hybrid,6,47,15,aggressive,0.0,0.0,0.0,1,1,0.016357141998014413,0.0213252530011232
hybrid,6,47,16,aggressive,-3.0,-3.0,0.0,4,4,0.07085579299746314,0.0671543040079996
hybrid,6,47,17,aggressive,-0.5,-0.5,0.0,1,1,0.0136858299956657,0.012639934000617359
hybrid,6,47,18,station,0.0,0.0,0.0,1,1,0.018292924003617372,0.01834327400138136
hybrid,6,47,19,station,-100.0,-100.0,0.0,2,2,0.04183599700627383,0.0408791800000472
hybrid,6,47,20,station,0.0,0.0,0.0,1,1,0.017842140994616784,0.017998280003666878
hybrid,6,47,21,station,-3.5,-3.5,0.0,4,4,0.08193447800294962,0.08053668600041419
hybrid,6,47,22,station,-1.0,-1.0,0.0,4,4,0.08419668699934846,0.08610951000446221
hybrid,6,47,23,station,-1.0,-1.0,0.0,4,4,0.0830179330005194,0.08079474099940853
hybrid,6,47,24,tight,0.0,0.0,0.0,1,1,0.010428294001030736,0.009363979006593581
hybrid,6,47,25,tight,0.0,0.0,0.0,1,1,0.011761216002923902,0.01228120899759233
hybrid,6,47,26,tight,1.5,1.5,0.0,1,1,0.01417764199868543,0.014689035000628792
hybrid,6,47,27,tight,0.0,0.0,0.0,1,1,0.016690238000592217,0.01684385599946836
hybrid,6,47,28,tight,4.5,4.5,0.0,1,1,0.01739866800198797,0.016958173997409176
hybrid,6,47,29,tight,1.0,1.0,0.0,1,1,0.006614047000766732,0.006599847998586483
hybrid,6,47,30,aggressive,0.0,0.0,0.0,1,1,0.016139343999384437,0.015803159003553446
hybrid,6,47,31,aggressive,0.0,0.0,0.0,1,1,0.018831966997822747,0.018151857002521865
hybrid,6,47,32,aggressive,-3.0,-3.0,0.0,3,3,0.060813293006503955,0.059560770001553465
hybrid,6,47,33,aggressive,-100.0,-100.0,0.0,1,1,0.01624651299789548,0.017185210999741685
hybrid,6,47,34,aggressive,-22.0,-22.0,0.0,4,4,0.07426583200140158,0.07439759099361254
hybrid,6,47,35,aggressive,401.0,401.0,0.0,1,1,0.019026034999114927,0.018810877998475917
hybrid,6,47,36,station,0.0,0.0,0.0,1,1,0.01848262299608905,0.01808803799940506
hybrid,6,47,37,station,0.0,0.0,0.0,1,1,0.018066488002659753,0.01766888400015887
hybrid,6,47,38,station,0.0,0.0,0.0,1,1,0.017184620999614708,0.01755842500278959
hybrid,6,47,39,station,0.0,0.0,0.0,1,1,0.016251073000603355,0.016004386001441162
hybrid,6,47,40,station,200.0,200.0,0.0,2,2,0.03946839900163468,0.04015362900099717
hybrid,6,47,41,station,-1.0,-1.0,0.0,4,4,0.07979351700487314,0.08007402200018987
hybrid,6,47,42,tight,0.0,0.0,0.0,1,1,0.013215035993198399,0.012206560000777245
hybrid,6,47,43,tight,0.0,0.0,0.0,1,1,0.011651627995888703,0.01230836800095858
hybrid,6,47,44,tight,1.5,1.5,0.0,1,1,0.013658928997756448,0.01393607600039104
hybrid,6,47,45,tight,101.5,101.5,0.0,3,3,0.040217078996647615,0.04032782800641144
hybrid,6,47,46,tight,1.5,1.5,0.0,1,1,0.007938498994917609,0.007772830998874269
hybrid,6,47,47,tight,-2.0,-2.0,0.0,3,3,0.05243619900284102,0.053408354993734974
hybrid,6,47,48,aggressive,0.0,0.0,0.0,1,1,0.018578731003799476,0.01907772500271676
hybrid,6,47,49,aggressive,0.0,0.0,0.0,1,1,0.017489286001364235,0.0171186109946575
hybrid,6,47,50,aggressive,0.0,0.0,0.0,1,1,0.017030781993526034,0.017286659000092186
hybrid,6,47,51,aggressive,-100.0,-100.0,0.0,1,1,0.016458161000628024,0.0159717679998721
hybrid,6,47,52,aggressive,-100.0,-100.0,0.0,1,1,0.018415942999126855,0.018675228995562065
hybrid,6,47,53,aggressive,-0.5,-0.5,0.0,1,1,0.010761959994852077,0.010286046999681275
hybrid,6,47,54,station,0.0,0.0,0.0,1,1,0.017392166999343317,0.01756071500130929
hybrid,6,47,55,station,0.0,0.0,0.0,1,1,0.01765302399871871,0.01734130800468847
hybrid,6,47,56,station,0.0,0.0,0.0,1,1,0.017046462999132928,0.016682807996403426
hybrid,6,47,57,station,0.0,0.0,0.0,1,1,0.016635767999105155,0.01593569800024852
hybrid,6,47,58,station,-100.0,-100.0,0.0,2,2,0.041563301005226094,0.04153518999373773
hybrid,6,47,59,station,-0.5,-0.5,0.0,1,1,0.0188805069992668,0.0196521460020449
search,3,11,0,station,-2.0,0.0,2.0,4,1,0.05209319399727974,0.2006861440022476
search,3,11,1,station,-100.0,-100.0,0.0,2,2,0.023792568004864734,0.403960283001652
search,3,11,2,station,-100.0,-100.0,0.0,3,3,0.03608822700334713,0.6052782379993005
search,3,11,3,tight,0.0,0.0,0.0,1,1,0.009658994997153059,0.20111242900020443
search,3,11,4,tight,-2.0,-1.0,1.0,5,4,0.05228942199755693,0.7664728709933115
search,3,11,5,tight,3.0,-0.5,-3.5,3,1,0.02689370599546237,0.2003691979989526
search,3,11,6,aggressive,0.0,0.0,0.0,1,1,0.009325619997980539,0.20190644700051052
search,3,11,7,aggressive,-2.0,-1.0,1.0,2,3,0.015679851996537764,0.46771175200410653
search,3,11,8,aggressive,-2.0,-0.5,1.5,2,1,0.02313201800279785,0.20033401800174033
search,3,11,9,station,-2.0,0.0,2.0,4,1,0.05608911898889346,0.20241607999923872
search,3,11,10,station,200.0,200.0,0.0,1,1,0.009810034003749024,0.20084184099687263
search,3,11,11,station,-2.0,-0.5,1.5,4,1,0.04813539898896124,0.2030259399980423
search,3,11,12,tight,0.0,0.0,0.0,1,1,0.010403355001471937,0.20198025600257097
search,3,11,13,tight,0.5,0.5,0.0,0,0,0.0,0.0
search,3,11,14,tight,2.0,-0.5,-2.5,2,1,0.018638681001903024,0.20145702300214907
search,3,11,15,aggressive,0.0,0.0,0.0,1,1,0.010633812002197374,0.2008321609973791
search,3,11,16,aggressive,-1.0,-1.0,0.0,1,1,0.009059313997568097,0.2008321600005729
search,3,11,17,aggressive,-3.5,36.0,39.5,5,5,0.06960615101706935,0.812436534994049
search,3,11,18,station,200.0,0.0,-200.0,2,1,0.02418870300607523,0.2003969670040533
search,3,11,19,station,200.0,200.0,0.0,1,1,0.011794035002822056,0.20271582400164334
search,3,11,20,station,-100.0,-100.0,0.0,1,1,0.009759653999935836,0.2017857870014268
search,3,11,21,tight,0.0,0.0,0.0,1,1,0.009984301002987195,0.20156578000023728
search,3,11,22,tight,1.0,2.0,1.0,1,2,0.006634106997807976,0.4010896289983066
search,3,11,23,tight,1.0,-0.5,-1.5,1,1,0.006196674003149383,0.2004930749972118
search,3,11,24,aggressive,-4.5,0.0,4.5,3,1,0.029407510002783965,0.20185171599587193
search,3,11,25,aggressive,-2.0,-1.0,1.0,2,1,0.02345685299951583,0.20063887399737723
search,3,11,26,aggressive,-4.0,-0.5,3.5,2,1,0.016925203992286697,0.20210463200055528
search,3,11,27,station,-4.5,0.0,4.5,4,1,0.047996391003835015,0.20262156499666162
search,3,11,28,station,-2.0,-100.0,-98.0,4,1,0.05018158000166295,0.20075892099703196
search,3,11,29,station,200.0,-0.5,-200.5,2,1,0.02503780199913308,0.20136574299976928
search,3,11,30,tight,0.0,0.0,0.0,1,1,0.009530627001367975,0.2017046280016075
search,3,11,31,tight,100.5,3.5,-97.0,6,5,0.057572666999476496,0.9472997809934895
search,3,11,32,tight,-2.0,-0.5,1.5,4,1,0.03905594399839174,0.2007530110058724
search,3,11,33,aggressive,0.0,0.0,0.0,1,1,0.009450407997064758,0.20155107000027783
search,3,11,34,aggressive,-1.0,-1.0,0.0,1,1,0.01068826000118861,0.20143886099685915
search,3,11,35,aggressive,-100.0,-3.5,96.5,2,2,0.024961293005617335,0.403249536997464
search,3,11,36,station,-6.0,0.0,6.0,4,1,0.049755476000427734,0.20307232799677877
search,3,11,37,station,-1.0,-2.5,-1.5,4,4,0.051453961998049635,0.7491896220017225
search,3,11,38,station,-3.0,-0.5,2.5,4,1,0.051429521990939975,0.20113105500058737
search,3,11,39,tight,0.0,0.0,0.0,1,1,0.00968165499944007,0.2003239669938921
search,3,11,40,tight,1.0,100.0,99.0,1,2,0.008864276001986582,0.40179826500389026
search,3,11,41,tight,2.0,2.0,0.0,1,1,0.009638964998885058,0.20130875199538423
search,3,11,42,aggressive,0.0,0.0,0.0,1,1,0.011904563994903583,0.20177595599670894
search,3,11,43,aggressive,-1.0,-100.0,-99.0,1,1,0.009770413998921867,0.018447943002684042
search,3,11,44,aggressive,-0.5,50.0,50.5,1,1,0.007874849994550459,0.05751134799356805
search,3,11,45,station,-2.0,0.0,2.0,4,1,0.049971732005360536,0.20018118800362572
search,3,11,46,station,7.0,5.0,-2.0,4,4,0.053666583000449464,0.7414006890030578
search,3,11,47,station,200.0,-0.5,-200.5,2,1,0.023467623002943583,0.20076544900075532
search,3,11,48,tight,-100.0,0.0,100.0,3,1,0.035283046010590624,0.20103445600398118
search,3,11,49,tight,0.5,0.5,0.0,0,0,0.0,0.0
search,3,11,50,tight,1.0,-0.5,-1.5,1,1,0.006451120003475808,0.20089214700419689
search,3,11,51,aggressive,-2.0,0.0,2.0,2,1,0.02414435299579054,0.20108032500138506
search,3,11,52,aggressive,-2.0,-1.0,1.0,4,4,0.05149310098931892,0.7448724989953917
search,3,11,53,aggressive,-2.5,-0.5,2.0,3,1,0.03661067999928491,0.20167394600139232
search,3,11,54,station,0.0,0.0,0.0,1,1,0.009276580000005197,0.20183748400449986
search,3,11,55,station,10.0,8.0,-2.0,4,4,0.0517120280128438,0.7517412329980289
search,3,11,56,station,200.0,200.0,0.0,2,1,0.02313034800317837,0.20064438100234838
search,3,11,57,tight,-7.2,0.0,7.2,4,1,0.04593672000191873,0.20094029599567875
search,3,11,58,tight,0.5,0.5,0.0,0,0,0.0,0.0
search,3,11,59,tight,3.5,-0.5,-4.0,2,1,0.021037956001237035,0.20171959599974798
search,3,29,0,station,0.0,-2.0,-2.0,1,4,0.009783703993889503,0.7399378150003031
search,3,29,1,station,-2.0,-1.0,1.0,4,4,0.048123157990630716,0.7516597129942966
search,3,29,2,station,-100.0,-0.5,99.5,1,1,0.010122639003384393,0.20314159499685047
search,3,29,3,tight,2.7,0.0,-2.7,2,1,0.02032189600140555,0.2027358209961676
search,3,29,4,tight,2.0,1.0,-1.0,2,2,0.018651420003152452,0.40173205400060397
search,3,29,5,tight,1.0,-0.5,-1.5,1,1,0.006516148998343851,0.20146488799946383
search,3,29,6,aggressive,200.0,200.0,0.0,1,1,0.009406887998920865,0.20133775000431342
search,3,29,7,aggressive,-1.0,-1.0,0.0,1,1,0.007060160998662468,0.2012611710015335
search,3,29,8,aggressive,100.0,100.0,0.0,1,1,0.006518338996102102,0.2010648939976818
search,3,29,9,station,0.0,0.0,0.0,1,1,0.009139342000707984,0.2019991699999082
search,3,29,10,station,-2.0,-1.0,1.0,4,4,0.04852122399461223,0.7440861640061485
search,3,29,11,station,-2.0,-0.5,1.5,4,1,0.05041380700276932,0.20222420799836982
search,3,29,12,tight,0.0,0.0,0.0,1,1,0.010070740005176049,0.20052347099408507
search,3,29,13,tight,0.5,0.5,0.0,0,0,0.0,0.0
search,3,29,14,tight,1.0,1.0,0.0,1,1,0.005865868006367236,0.20051073099602945
search,3,29,15,aggressive,0.0,0.0,0.0,1,1,0.009360789001220837,0.20273714999348158
search,3,29,16,aggressive,-1.0,-1.0,0.0,1,1,0.007208429997263011,0.048918256994511466
search,3,29,17,aggressive,-5.0,-0.5,4.5,4,1,0.04219706199364737,0.2009428849996766
search,3,29,18,station,0.0,0.0,0.0,1,1,0.009809583003516309,0.20176062399696093
search,3,29,19,station,-100.0,-1.0,99.0,1,4,0.010142827995878179,0.7448580430063885
search,3,29,20,station,-100.0,-0.5,99.5,2,1,0.023153868001827504,0.20216395700117573
search,3,29,21,tight,0.0,0.0,0.0,1,1,0.009483796995482408,0.20063151900103549
search,3,29,22,tight,1.0,1.0,0.0,1,2,0.00660464700195007,0.4018650889993296
search,3,29,23,tight,-4.0,-0.5,3.5,3,1,0.03228066099836724,0.2010409329959657
search,3,29,24,aggressive,200.0,0.0,-200.0,1,1,0.008905355003662407,0.20129351899959147
search,3,29,25,aggressive,-7.0,-1.0,6.0,4,2,0.03309598899795674,0.2237147459964035
search,3,29,26,aggressive,-0.5,-0.5,0.0,1,1,0.00711317099921871,0.05171698800404556
search,3,29,27,station,200.0,0.0,-200.0,1,1,0.00917634200595785,0.20213420700019924
search,3,29,28,station,-1.0,-1.0,0.0,4,4,0.04820488800032763,0.7458199859975139
search,3,29,29,station,-100.0,-1.0,99.0,2,4,0.023455782000382897,0.7390303800057154
search,3,29,30,tight,-4.5,0.0,4.5,4,1,0.040275657003803644,0.2006233880019863
search,3,29,31,tight,-100.0,-100.0,0.0,1,1,0.006178083996928763,0.20054112900106702
search,3,29,32,tight,1.0,-0.5,-1.5,1,1,0.0060080570037825964,0.20126276899827644
search,3,29,33,aggressive,-5.0,0.0,5.0,4,1,0.0394994489979581,0.20087893500021892
search,3,29,34,aggressive,-3.0,-1.0,2.0,3,1,0.03453631799493451,0.20067372800258454
search,3,29,35,aggressive,-2.0,-0.5,1.5,2,1,0.016553638997720554,0.20019465399673209
search,3,29,36,station,0.0,0.0,0.0,1,1,0.009842082006798591,0.20202145900111645
search,3,29,37,station,-2.0,-1.0,1.0,4,4,0.05183611499523977,0.7435819650054327
search,3,29,38,station,-4.0,-0.5,3.5,4,1,0.05065474299044581,0.2003570319939172
search,3,29,39,tight,0.0,0.0,0.0,1,1,0.009419818001333624,0.20076116600102978
search,3,29,40,tight,1.0,-2.0,-3.0,1,4,0.006295452003541868,0.7369030859990744
search,3,29,41,tight,1.0,1.0,0.0,1,1,0.005866727995453402,0.20086060500034364
search,3,29,42,aggressive,200.0,0.0,-200.0,2,1,0.019304310997540597,0.2007425260017044
search,3,29,43,aggressive,-3.4,-1.0,2.4,3,1,0.03593058800470317,0.2023579040032928
search,3,29,44,aggressive,-0.5,200.0,200.5,1,1,0.009345538994239178,0.20024995299900183
search,3,29,45,station,-4.5,0.0,4.5,4,1,0.047861610997642856,0.20118945900321705
search,3,29,46,station,200.0,200.0,0.0,4,4,0.052181150000251364,0.7430613100004848
search,3,29,47,station,-3.0,-0.5,2.5,4,1,0.04865213199809659,0.2014525449994835
search,3,29,48,tight,0.0,0.0,0.0,1,1,0.009362349002913106,0.2003572699977667
search,3,29,49,tight,-4.0,-2.0,2.0,4,4,0.041682787996251136,0.7652146890031872
search,3,29,50,tight,-3.0,-0.5,2.5,6,1,0.06427612299739849,0.2017655300005572
search,3,29,51,aggressive,0.0,0.0,0.0,1,1,0.008799456998531241,0.20053512799495365
search,3,29,52,aggressive,100.0,100.0,0.0,4,3,0.0311888850046671,0.42726754000614164
search,3,29,53,aggressive,-5.0,-0.5,4.5,4,1,0.03625151299638674,0.2009825620043557
search,3,29,54,station,200.0,0.0,-200.0,2,1,0.02163496800494613,0.20082918400294147
search,3,29,55,station,-4.0,-1.0,3.0,4,4,0.05125977400894044,0.7454082330004894
search,3,29,56,station,6.0,-0.5,-6.5,4,1,0.05057173199747922,0.20140317600453272
search,3,29,57,tight,0.0,0.0,0.0,1,1,0.009232461001374759,0.20134869599860394
search,3,29,58,tight,1.5,-1.0,-2.5,1,3,0.00792548900062684,0.6030226810107706
search,3,29,59,tight,1.0,-0.5,-1.5,1,1,0.005884188001800794,0.20152884400158655
search,3,47,0,station,-3.0,0.0,3.0,4,1,0.04765944500104524,0.2013690659950953
search,3,47,1,station,3.15,50.0,46.85,4,4,0.050246307997440454,0.7412685599992983
search,3,47,2,station,8.0,-0.5,-8.5,4,1,0.0492840530059766,0.20303739200608106
search,3,47,3,tight,0.0,0.0,0.0,1,1,0.009522546999505721,0.20169790099316742
search,3,47,4,tight,-9.0,1.0,10.0,5,2,0.04766867300349986,0.4015499259912758
search,3,47,5,tight,1.0,1.0,0.0,1,1,0.005787349000456743,0.20123116700415267
search,3,47,6,aggressive,-6.5,0.0,6.5,5,1,0.04995847000100184,0.20137661500484683
search,3,47,7,aggressive,-100.0,-100.0,0.0,1,1,0.0072216890039271675,0.016752216004533693
search,3,47,8,aggressive,-8.0,-0.5,7.5,4,1,0.044959821010706946,0.20065885499934666
search,3,47,9,station,200.0,0.0,-200.0,1,1,0.009777722996659577,0.2002625099994475
search,3,47,10,station,-1.0,-1.0,0.0,4,4,0.04900809399987338,0.7409033320000162
search,3,47,11,station,-100.0,-100.0,0.0,1,1,0.009558405996358488,0.2016255810012808
search,3,47,12,tight,1.5,0.0,-1.5,1,1,0.009891761998005677,0.20199557599698892
search,3,47,13,tight,1.5,1.5,0.0,1,4,0.007383705997199286,0.7733431380038382
search,3,47,14,tight,1.0,-0.5,-1.5,1,1,0.006089714996051043,0.20170609000342665
search,3,47,15,aggressive,-3.4,0.0,3.4,4,1,0.04241596599604236,0.201359163998859
search,3,47,16,aggressive,-2.0,-1.0,1.0,4,3,0.037259251002979,0.42486396800813964
search,3,47,17,aggressive,-8.0,-1.0,7.0,4,2,0.041691959006129764,0.4035544270009268
search,3,47,18,station,0.0,7.0,7.0,1,4,0.009270729999116156,0.7404616550047649
search,3,47,19,station,-100.0,-100.0,0.0,4,3,0.04927831100212643,0.6019917409939808
search,3,47,20,station,-2.5,-0.5,2.0,4,1,0.048338143998989835,0.20108880800398765
search,3,47,21,tight,1.5,0.0,-1.5,1,1,0.009345980004582088,0.2007726830051979
search,3,47,22,tight,0.5,0.5,0.0,0,0,0.0,0.0
search,3,47,23,tight,1.0,-0.5,-1.5,1,1,0.006029994998243637,0.20052821499848505
search,3,47,24,aggressive,0.0,0.0,0.0,1,1,0.009754082995641511,0.20130919500661548
search,3,47,25,aggressive,-100.0,2.0,102.0,2,2,0.023434263006492984,0.4033899689966347
search,3,47,26,aggressive,-2.0,-0.5,1.5,2,1,0.014978170998801943,0.20052478500292636
search,3,47,27,station,200.0,0.0,-200.0,2,1,0.02349611100362381,0.20082254099543206
search,3,47,28,station,200.0,200.0,0.0,4,4,0.049077165000198875,0.7384789710049517
search,3,47,29,station,-0.5,-0.5,0.0,1,1,0.00983955200354103,0.20086208100110525
search,3,47,30,tight,3.0,0.0,-3.0,2,1,0.02004699900135165,0.20062962300289655
search,3,47,31,tight,-4.4,-1.0,3.4000000000000004,4,3,0.03151557899400359,0.6024762730012299
search,3,47,32,tight,1.0,1.0,0.0,1,1,0.005842589001986198,0.20040265699935844
search,3,47,33,aggressive,-3.5,-100.0,-96.5,2,1,0.020310644009441603,0.2021331919968361
search,3,47,34,aggressive,-2.5,-1.0,1.5,4,4,0.04905160500493366,0.6674510939992615
search,3,47,35,aggressive,101.0,-0.5,-101.5,1,1,0.0102489670025534,0.20175518799806014
search,3,47,36,station,0.0,0.0,0.0,1,1,0.01035851600317983,0.20219679099682253
search,3,47,37,station,-3.0,-1.0,2.0,4,4,0.05244074600341264,0.7410571610089391
search,3,47,38,station,-2.0,-0.5,1.5,4,1,0.04828093598916894,0.20230933999846457
search,3,47,39,tight,0.0,0.0,0.0,1,1,0.008944634995714296,0.20029926700226497
search,3,47,40,tight,-4.0,-1.0,3.0,4,3,0.044693265001114924,0.6022061540061259
search,3,47,41,tight,1.0,-0.5,-1.5,1,1,0.006108635003329255,0.20046500500029651
search,3,47,42,aggressive,0.0,0.0,0.0,1,1,0.009731002995977178,0.2006161230019643
search,3,47,43,aggressive,-2.0,-1.0,1.0,4,3,0.03773614200326847,0.5668121189955855
search,3,47,44,aggressive,200.0,5.0,-195.0,1,2,0.009614595997845754,0.4029292009945493
search,3,47,45,station,200.0,200.0,0.0,2,1,0.021654147996741813,0.20160983799723908
search,3,47,46,station,-2.0,-2.5,-0.5,4,4,0.05027851799241034,0.7460724210031913
search,3,47,47,station,-1.0,-0.5,0.5,4,1,0.0461265639969497,0.200804389998666
search,3,47,48,tight,6.0,0.0,-6.0,4,1,0.03995080099412007,0.20236403700255323
search,3,47,49,tight,0.5,0.5,0.0,0,0,0.0,0.0
search,3,47,50,tight,5.0,-0.5,-5.5,2,1,0.02008680899598403,0.20037092600250617
search,3,47,51,aggressive,-100.0,0.0,100.0,2,1,0.015777249995153397,0.2005143339993083
search,3,47,52,aggressive,-100.0,-1.0,99.0,1,3,0.010065398993901908,0.602815622012713
search,3,47,53,aggressive,-0.5,-0.5,0.0,1,1,0.009950660001777578,0.2020574940033839
search,3,47,54,station,-3.0,0.0,3.0,4,1,0.05028545499953907,0.20037206599954516
search,3,47,55,station,-2.0,-1.0,1.0,4,4,0.050586712000949774,0.7372128089918988
search,3,47,56,station,-3.0,-0.5,2.5,4,1,0.04809246699733194,0.2007127010001568
search,3,47,57,tight,-5.2,0.0,5.2,4,1,0.04093234599713469,0.20105478599725757
search,3,47,58,tight,0.5,0.5,0.0,0,0,0.0,0.0
search,3,47,59,tight,3.0,-0.5,-3.5,2,1,0.01979716400092002,0.20090503800020088
